MaGV,HoGV,TenDemGV,TenGV,GioiTinh,Email,SDT
12340001,Hoàng,Duy,Lan,Nữ        ,,98765001
12340002,Nguyễn,Hải,Nhiên,Nữ        ,,98765002
12340003,Nguyễn,Văn,Thoại,Nữ        ,,98765003
12340004,Ngô,Đức,Bằng,Nam       ,,98765004
12340005,Hoàng,Văn,Dã,Nữ        ,,98765005
12340006,Lý,Lan,Ngôn,Nam       ,,98765006
12340007,Bùi,Lan,Nhan,Nữ        ,,98765007
12340008,Ngô,Thu,Vũ,Nữ        ,,98765008
12340009,Đỗ,Thành,Dân,Nam       ,,98765009
12340010,Lý,Hồng,Quyên,Nam       ,,98765010
12340011,Võ,Minh,Ca,Nam       ,,98765011
12340012,Ngô,Đức,Tuyến,Nam       ,,98765012
12340013,Nguyễn,Duy,Trung,Nữ        ,,98765013
12340014,Võ,Lan,Ðàn,Nam       ,,98765014
12340015,Huỳnh,Duy,Ðan,Nữ        ,,98765015
12340016,Phạm,Hồng,Ánh,Nữ        ,,98765016
12340017,Nguyễn,Đức,Trà,Nam       ,,98765017
12340018,Lê,Thành,Cầm,Nữ        ,,98765018
12340019,Lý,Hồng,Hường,Nữ        ,,98765019
12340020,Lê,Thị,Di,Nữ        ,,98765020
12340021,Bùi,Hải,Nga,Nữ        ,,98765021
12340022,Bùi,Minh,Nhã,Nam       ,,98765022
12340023,Lý,Duy,Tiên,Nam       ,,98765023
12340024,Trần,Hồng,Hưởng,Nam       ,,98765024
12340025,Lý,Lan,Hợp,Nam       ,,98765025
12340026,Ngô,Duy,Uyên,Nam       ,,98765026
12340027,Ngô,Hồng,Khả,Nữ        ,,98765027
12340028,Hồ,Tâm,Bội,Nam       ,,98765028
12340029,Phan,Đức,Thùy,Nữ        ,,98765029
12340030,Bùi,Quỳnh,Nhất,Nam       ,,98765030
12340031,Huỳnh,Tâm,Ðinh,Nữ        ,,98765031
12340032,Vũ,Bình,Hương,Nữ        ,,98765032
12340033,Dương,Lan,Vinh,Nam       ,,98765033
12340034,Đinh,Minh,My,Nữ        ,,98765034
12340035,Phan,Đức,Hiểu,Nam       ,,98765035
12340036,Trần,Lan,Lễ,Nữ        ,,98765036
12340037,Bùi,Duy,Tranh,Nữ        ,,98765037
12340038,Hồ,Thị,Tuyết,Nam       ,,98765038
12340039,Trần,Lan,Đức,Nam       ,,98765039
12340040,Trần,Thị,Thảo,Nam       ,,98765040
12340041,Lý,Quỳnh,Loan,Nữ        ,,98765041
12340042,Hoàng,Hồng,Trầm,Nam       ,,98765042
12340043,Lý,Hải,Nguyết,Nam       ,,98765043
12340044,Bùi,Hải,Thiện,Nữ        ,,98765044
12340045,Đỗ,Hải,Nhung,Nữ        ,,98765045
12340046,Hoàng,Quỳnh,Hàm,Nữ        ,,98765046
12340047,Vũ,Thu,Đoan,Nam       ,,98765047
12340048,Lê,Minh,Hồ,Nam       ,,98765048
12340049,Vũ,Tâm,Trinh,Nữ        ,,98765049
12340050,Trần,Thành,Hoa,Nữ        ,,98765050
12340051,Phan,Hồng,Bằng,Nam       ,,98765051
12340052,Lý,Tâm,Trúc,Nam       ,,98765052
12340053,Nguyễn,Minh,Khuyên,Nam       ,,98765053
12340054,Lê,Minh,Mai,Nữ        ,,98765054
12340055,Nguyễn,Lan,Bình,Nam       ,,98765055
12340056,Hồ,Thành,Đào,Nữ        ,,98765056
12340057,Đinh,Đức,Loan,Nam       ,,98765057
12340058,Nguyễn,Hải,Mậu,Nữ        ,,98765058
12340059,Lý,Bình,Trinh,Nữ        ,,98765059
12340060,Phan,Minh,Xuân,Nữ        ,,98765060
12340061,Hoàng,Duy,Lan,Nam       ,,98765061
12340062,Hồ,Bình,Bạch,Nữ        ,,98765062
12340063,Võ,Hải,Nhơn,Nữ        ,,98765063
12340064,Lý,Tâm,Tú,Nữ        ,,98765064
12340065,Nguyễn,Thành,Hoàn,Nam       ,,98765065
12340066,Vũ,Đức,Tinh,Nữ        ,,98765066
12340067,Nguyễn,Văn,Họa,Nam       ,,98765067
12340068,Lý,Văn,Vinh,Nữ        ,,98765068
12340069,Đặng,Thị,Linh,Nữ        ,,98765069
12340070,Lý,Văn,Nhân,Nữ        ,,98765070
12340071,Ngô,Thành,Khôi,Nữ        ,,98765071
12340072,Hoàng,Duy,Thêu,Nam       ,,98765072
12340073,Hồ,Thị,Dung,Nam       ,,98765073
12340074,Huỳnh,Quỳnh,Hoài,Nữ        ,,98765074
12340075,Hồ,Duy,Diên,Nữ        ,,98765075
12340076,Vũ,Thị,Bích,Nam       ,,98765076
12340077,Lý,Hồng,Ty,Nam       ,,98765077
12340078,Phan,Lan,Nhung,Nữ        ,,98765078
12340079,Hồ,Đức,Khả,Nam       ,,98765079
12340080,Phan,Thu,Đan,Nam       ,,98765080
12340081,Hồ,Văn,Tinh,Nữ        ,,98765081
12340082,Võ,Văn,Dung,Nam       ,,98765082
12340083,Trần,Duy,Khanh,Nữ        ,,98765083
12340084,Lý,Thành,Hạ,Nữ        ,,98765084
12340085,Trần,Tâm,Giang,Nam       ,,98765085
12340086,Đặng,Hồng,Đăng,Nữ        ,,98765086
12340087,Phan,Bình,Thủy,Nữ        ,,98765087
12340088,Lý,Thị,Ðiệp,Nam       ,,98765088
12340089,Bùi,Duy,Băng,Nữ        ,,98765089
12340090,Hồ,Văn,Lưu,Nam       ,,98765090
12340091,Hoàng,Thành,Vỹ,Nữ        ,,98765091
12340092,Lý,Thu,Mộc,Nữ        ,,98765092
12340093,Nguyễn,Đức,Quân,Nam       ,,98765093
12340094,Võ,Tâm,Mai,Nam       ,,98765094
12340095,Đinh,Thu,Khánh,Nữ        ,,98765095
12340096,Vũ,Văn,Hiền,Nam       ,,98765096
12340097,Huỳnh,Thị,Phương,Nam       ,,98765097
12340098,Ngô,Thành,Thu,Nữ        ,,98765098
12340099,Phạm,Duy,Diệp,Nam       ,,98765099
12340100,Phạm,Thị,Thông,Nữ        ,,98765100
